value_segment,coupon_used,rows_count,avg_discount_ratio,conversion_rate,repeat_rate,avg_net_order_value
Low Value,No,891,0.3034994558518106,0.5836139169472503,0.5544332210998878,526.9417171717172
Low Value,Yes,1358,0.28969289031980905,0.6251840942562592,0.5751104565537555,521.3861782032401
Mid Value,No,1152,0.29030566281259795,0.5694444444444444,0.578125,541.1805034722222
Mid Value,Yes,1732,0.29905758497596724,0.6056581986143187,0.5508083140877598,529.2740357967667
High Value,No,1940,0.300694932740998,0.595360824742268,0.5664948453608247,518.2814432989691
High Value,Yes,2927,0.29794858167131927,0.5958319098052614,0.5503928937478647,528.6489989750598
